USE p6g9;

-- Insert sample data into Person
INSERT INTO Person (nif, name, birth_date, nationality) VALUES
('111111111', 'Kyle Busch', '1985-05-02', 'American'),
('222222222', 'Chase Elliott', '1995-11-28', 'American'),
('333333333', 'Denny Hamlin', '1980-11-18', 'American'),
('444444444', 'Joey Logano', '1990-05-24', 'American'),
('555555555', 'John Sponsor', '1970-05-15', 'American'),
('666666666', 'Jane Sponsor', '1975-08-20', 'American'),
('777777777', 'Mike Mechanic', '1980-03-10', 'American'),
('888888888', 'Sarah Mechanic', '1985-11-25', 'American'),
('999999999', 'Martin Truex Jr.', '1980-06-29', 'American'),
('101010101', 'Brad Keselowski', '1984-02-12', 'American'),
('121212121', 'Kevin Harvick', '1975-12-08', 'American'),
('131313131', 'Ryan Blaney', '1993-12-31', 'American'),
('141414141', 'Kyle Larson', '1992-07-31', 'American'),
('151515151', 'William Byron', '1997-11-29', 'American'),
('161616161', 'Ross Chastain', '1992-12-04', 'American'),
('171717171', 'Christopher Bell', '1995-04-16', 'American'),
('181818181', 'Bubba Wallace', '1993-10-08', 'American'),
('191919191', 'Tyler Reddick', '1995-01-19', 'American'),
('202020202', 'Alex Bowman', '1993-04-25', 'American'),
('212121212', 'Austin Cindric', '1998-09-02', 'American'),
('222222220', 'Ricky Stenhouse Jr.', '1987-10-02', 'American'),
('232323232', 'Daniel Suarez', '1992-01-07', 'Mexican'),
('242424242', 'Robert Sponsor', '1965-04-12', 'American'),
('252525252', 'Emma Sponsor', '1972-07-18', 'American'),
('262626262', 'David Sponsor', '1968-09-22', 'American'),
('272727272', 'Lisa Sponsor', '1974-11-30', 'American'),
('282828282', 'Paul Mechanic', '1978-06-14', 'American'),
('292929292', 'Anna Mechanic', '1982-12-08', 'American'),
('303030303', 'Tom Mechanic', '1975-04-25', 'American'),
('313131313', 'Elena Mechanic', '1988-07-19', 'American'),
('323232323', 'James Mechanic', '1979-01-31', 'American'),
('343434343', 'Maria Mechanic', '1983-05-22', 'American');

-- Insert sample data into Team
INSERT INTO Team (team_id, name, budget) VALUES
(1, 'Joe Gibbs Racing', 30000000),
(2, 'Hendrick Motorsports', 35000000),
(3, 'Team Penske', 32000000),
(4, 'Stewart-Haas Racing', 28000000),
(5, 'Richard Childress Racing', 25000000),
(6, 'Trackhouse Racing', 20000000),
(7, '23XI Racing', 22000000),
(8, 'RFK Racing', 18000000),
(9, 'Front Row Motorsports', 15000000),
(10, 'JTG Daugherty Racing', 12000000);

-- Insert sample data into Driver
INSERT INTO Driver (driver_id, total_points, wins, pole_positions, nif, team_id) VALUES
(1, 5000, 63, 35, '111111111', 1),
(2, 3500, 18, 15, '222222222', 2),
(3, 4500, 48, 38, '333333333', 1),
(4, 3000, 32, 29, '444444444', 3),
(5, 4000, 34, 20, '999999999', 1),
(6, 3800, 35, 18, '101010101', 8),
(7, 6000, 60, 35, '121212121', 4),
(8, 2500, 7, 10, '131313131', 3),
(9, 2800, 14, 12, '141414141', 2),
(10, 2000, 10, 8, '151515151', 2),
(11, 1800, 4, 5, '161616161', 6),
(12, 1500, 2, 3, '171717171', 1),
(13, 1200, 2, 2, '181818181', 7),
(14, 1000, 1, 1, '191919191', 5),
(15, 2200, 7, 4, '202020202', 2),
(16, 800, 0, 1, '212121212', 3),
(17, 900, 3, 2, '222222220', 10),
(18, 1100, 1, 1, '232323232', 6);

-- Insert sample data into Sponsor
INSERT INTO Sponsor (sponsor_id, contract_value, sector, nif, team_id) VALUES
(1, 10000000, 'Automotive', '555555555', 1),
(2, 8000000, 'Technology', '666666666', 2),
(3, 7000000, 'Retail', '242424242', 3),
(4, 6000000, 'Energy', '252525252', 4),
(5, 5000000, 'Insurance', '262626262', 5),
(6, 4000000, 'Fast Food', '272727272', 6),
(7, 3500000, 'Beverages', '242424242', 7),
(8, 3000000, 'Construction', '252525252', 8),
(9, 2500000, 'Telecom', '262626262', 9),
(10, 2000000, 'Outdoor Equipment', '272727272', 10);

-- Insert sample data into Mechanic
INSERT INTO Mechanic (mechanic_id, specialty, experience, nif, team_id) VALUES
(1, 'Engine', 15, '777777777', 1),
(2, 'Suspension', 10, '888888888', 2),
(3, 'Transmission', 12, '282828282', 3),
(4, 'Aerodynamics', 8, '292929292', 4),
(5, 'Brakes', 10, '303030303', 5),
(6, 'Electronics', 9, '313131313', 6),
(7, 'Chassis', 7, '323232323', 7),
(8, 'Fuel System', 11, '343434343', 8),
(9, 'Cooling System', 6, '282828282', 9),
(10, 'Steering', 13, '292929292', 10),
(11, 'Engine', 14, '303030303', 1),
(12, 'Suspension', 9, '313131313', 2),
(13, 'Transmission', 11, '323232323', 3),
(14, 'Aerodynamics', 7, '343434343', 4),
(15, 'Brakes', 8, '282828282', 5);

-- Insert sample data into Car
INSERT INTO Car (car_id, number, chassis_model, engine_type, weight, manufacture_date, team_id, driver_id) VALUES
(1, 18, 'Toyota Camry TRD', 'Toyota R18', 3300, '2023-01-15', 1, 1),
(2, 9, 'Chevrolet Camaro ZL1', 'Hendrick Motorsports V8', 3300, '2023-02-10', 2, 2),
(3, 11, 'Toyota Camry TRD', 'Toyota R18', 3300, '2023-01-20', 1, 3),
(4, 22, 'Ford Mustang GT', 'Roush Yates FR9', 3300, '2023-01-20', 3, 4),
(5, 19, 'Toyota Camry TRD', 'Toyota R18', 3300, '2023-01-18', 1, 5),
(6, 6, 'Ford Mustang GT', 'Roush Yates FR9', 3300, '2023-02-12', 8, 6),
(7, 4, 'Ford Mustang GT', 'Roush Yates FR9', 3300, '2023-01-22', 4, 7),
(8, 12, 'Ford Mustang GT', 'Roush Yates FR9', 3300, '2023-01-25', 3, 8),
(9, 5, 'Chevrolet Camaro ZL1', 'Hendrick Motorsports V8', 3300, '2023-01-28', 2, 9),
(10, 24, 'Chevrolet Camaro ZL1', 'Hendrick Motorsports V8', 3300, '2023-01-30', 2, 10),
(11, 1, 'Chevrolet Camaro ZL1', 'Earnhardt Childress Racing V8', 3300, '2023-02-05', 6, 11),
(12, 20, 'Toyota Camry TRD', 'Toyota R18', 3300, '2023-02-08', 1, 12),
(13, 23, 'Toyota Camry TRD', 'Toyota R18', 3300, '2023-02-15', 7, 13),
(14, 8, 'Chevrolet Camaro ZL1', 'Earnhardt Childress Racing V8', 3300, '2023-02-18', 5, 14),
(15, 48, 'Chevrolet Camaro ZL1', 'Hendrick Motorsports V8', 3300, '2023-02-20', 2, 15),
(16, 2, 'Ford Mustang GT', 'Roush Yates FR9', 3300, '2023-02-22', 3, 16),
(17, 47, 'Chevrolet Camaro ZL1', 'JTG Daugherty Racing V8', 3300, '2023-02-25', 10, 17),
(18, 99, 'Chevrolet Camaro ZL1', 'Trackhouse Racing V8', 3300, '2023-02-28', 6, 18);

-- Insert sample data into Race
INSERT INTO Race (race_id, circuit, date, track, weather_conditions) VALUES
(1, 'Daytona International Speedway', '2023-02-19', 'Daytona Beach, FL', 'Dry'),
(2, 'Auto Club Speedway', '2023-02-26', 'Fontana, CA', 'Dry'),
(3, 'Las Vegas Motor Speedway', '2023-03-05', 'Las Vegas, NV', 'Dry'),
(4, 'Phoenix Raceway', '2023-03-12', 'Avondale, AZ', 'Dry'),
(5, 'Atlanta Motor Speedway', '2023-03-19', 'Hampton, GA', 'Mixed'),
(6, 'Circuit of the Americas', '2023-03-26', 'Austin, TX', 'Wet'),
(7, 'Richmond Raceway', '2023-04-02', 'Richmond, VA', 'Dry'),
(8, 'Bristol Motor Speedway', '2023-04-09', 'Bristol, TN', 'Dry'),
(9, 'Martinsville Speedway', '2023-04-16', 'Martinsville, VA', 'Dry'),
(10, 'Talladega Superspeedway', '2023-04-23', 'Lincoln, AL', 'Mixed'),
(11, 'Dover Motor Speedway', '2023-04-30', 'Dover, DE', 'Dry'),
(12, 'Kansas Speedway', '2023-05-07', 'Kansas City, KS', 'Dry'),
(13, 'Darlington Raceway', '2023-05-14', 'Darlington, SC', 'Dry'),
(14, 'Charlotte Motor Speedway', '2023-05-28', 'Concord, NC', 'Dry'),
(15, 'Sonoma Raceway', '2023-06-11', 'Sonoma, CA', 'Dry');

-- Insert sample data into Participation
INSERT INTO Participation (driver_id, car_id, race_id, final_position, points_earned) VALUES
-- Daytona 500
(1, 1, 1, 5, 40),
(2, 2, 1, 1, 60),
(3, 3, 1, 4, 45),
(4, 4, 1, 6, 35),
(5, 5, 1, 7, 32),
(6, 6, 1, 2, 50),
(7, 7, 1, 17, 15),
(8, 8, 1, 15, 18),
(9, 9, 1, 3, 48),
(10, 10, 1, 9, 28),
(11, 11, 1, 10, 26),
(12, 12, 1, 8, 30),
(13, 13, 1, 12, 22),
(14, 14, 1, 16, 16),
(15, 15, 1, 11, 24),
(16, 16, 1, 13, 20),
(17, 17, 1, 14, 18),
(18, 18, 1, 18, 14),

-- Auto Club Speedway
(2, 2, 2, 1, 60),
(1, 1, 2, 2, 50),
(3, 3, 2, 7, 32),
(4, 4, 2, 5, 40),
(5, 5, 2, 4, 45),
(6, 6, 2, 3, 48),
(7, 7, 2, 9, 28),
(8, 8, 2, 11, 24),
(9, 9, 2, 6, 35),
(10, 10, 2, 8, 30),
(11, 11, 2, 10, 26),
(12, 12, 2, 12, 22),
(13, 13, 2, 13, 20),
(14, 14, 2, 15, 18),
(15, 15, 2, 14, 16),
(16, 16, 2, 16, 15),
(17, 17, 2, 17, 14),
(18, 18, 2, 18, 12),

-- Las Vegas
(1, 1, 3, 2, 50),
(2, 2, 3, 1, 60),
(3, 3, 3, 3, 48),
(4, 4, 3, 5, 40),
(5, 5, 3, 4, 45),
(6, 6, 3, 6, 35),
(7, 7, 3, 8, 30),
(8, 8, 3, 10, 26),
(9, 9, 3, 7, 32),
(10, 10, 3, 9, 28),
(11, 11, 3, 11, 24),
(12, 12, 3, 12, 22),
(13, 13, 3, 13, 20),
(14, 14, 3, 14, 18),
(15, 15, 3, 15, 16),
(16, 16, 3, 16, 15),
(17, 17, 3, 17, 14),
(18, 18, 3, 18, 12),

-- Phoenix
(2, 2, 4, 1, 60),
(1, 1, 4, 3, 48),
(3, 3, 4, 2, 50),
(4, 4, 4, 4, 45),
(5, 5, 4, 5, 40),
(6, 6, 4, 6, 35),
(7, 7, 4, 7, 32),
(8, 8, 4, 8, 30),
(9, 9, 4, 9, 28),
(10, 10, 4, 10, 26),
(11, 11, 4, 11, 24),
(12, 12, 4, 12, 22),
(13, 13, 4, 13, 20),
(14, 14, 4, 14, 18),
(15, 15, 4, 15, 16),
(16, 16, 4, 16, 15),
(17, 17, 4, 17, 14),
(18, 18, 4, 18, 12),

-- Atlanta
(1, 1, 5, 1, 60),
(2, 2, 5, 2, 50),
(3, 3, 5, 3, 48),
(4, 4, 5, 4, 45),
(5, 5, 5, 5, 40),
(6, 6, 5, 6, 35),
(7, 7, 5, 7, 32),
(8, 8, 5, 8, 30),
(9, 9, 5, 9, 28),
(10, 10, 5, 10, 26),
(11, 11, 5, 11, 24),
(12, 12, 5, 12, 22),
(13, 13, 5, 13, 20),
(14, 14, 5, 14, 18),
(15, 15, 5, 15, 16),
(16, 16, 5, 16, 15),
(17, 17, 5, 17, 14),
(18, 18, 5, 18, 12);

-- Insert sample data into Works_On
INSERT INTO Works_On (mechanic_id, car_id, idate, edate) VALUES
(1, 1, '2023-01-01', '2023-12-31'),
(2, 2, '2023-01-01', '2023-12-31'),
(3, 3, '2023-01-01', '2023-12-31'),
(4, 7, '2023-01-01', '2023-12-31'),
(5, 9, '2023-01-01', '2023-12-31'),
(6, 11, '2023-01-01', '2023-12-31'),
(7, 13, '2023-01-01', '2023-12-31'),
(8, 17, '2023-01-01', '2023-12-31'),
(9, 15, '2023-01-01', '2023-12-31'),
(10, 16, '2023-01-01', '2023-12-31'),
(11, 5, '2023-01-01', '2023-12-31'),
(12, 6, '2023-01-01', '2023-12-31'),
(13, 4, '2023-01-01', '2023-12-31'),
(14, 8, '2023-01-01', '2023-12-31'),
(15, 10, '2023-01-01', '2023-12-31');

-- Insert sample data into Sponsorship
INSERT INTO Sponsorship (sponsor_id, team_id, start_date, end_date) VALUES
(1, 1, '2023-01-01', '2023-12-31'),
(2, 2, '2023-01-01', '2023-12-31'),
(3, 3, '2023-01-01', '2023-12-31'),
(4, 4, '2023-01-01', '2023-12-31'),
(5, 5, '2023-01-01', '2023-12-31'),
(6, 6, '2023-01-01', '2023-12-31'),
(7, 7, '2023-01-01', '2023-12-31'),
(8, 8, '2023-01-01', '2023-12-31'),
(9, 9, '2023-01-01', '2023-12-31'),
(10, 10, '2023-01-01', '2023-12-31');

-- Insert sample data into Belongs
INSERT INTO Belongs (car_id, driver_id, team_id, start_date, end_date) VALUES
(1, 1, 1, '2023-01-01', '2023-12-31'),
(2, 2, 2, '2023-01-01', '2023-12-31'),
(3, 3, 1, '2023-01-01', '2023-12-31'),
(4, 4, 3, '2023-01-01', '2023-12-31'),
(5, 5, 1, '2023-01-01', '2023-12-31'),
(6, 6, 8, '2023-01-01', '2023-12-31'),
(7, 7, 4, '2023-01-01', '2023-12-31'),
(8, 8, 3, '2023-01-01', '2023-12-31'),
(9, 9, 2, '2023-01-01', '2023-12-31'),
(10, 10, 2, '2023-01-01', '2023-12-31'),
(11, 11, 6, '2023-01-01', '2023-12-31'),
(12, 12, 1, '2023-01-01', '2023-12-31'),
(13, 13, 7, '2023-01-01', '2023-12-31'),
(14, 14, 5, '2023-01-01', '2023-12-31'),
(15, 15, 2, '2023-01-01', '2023-12-31'),
(16, 16, 3, '2023-01-01', '2023-12-31'),
(17, 17, 10, '2023-01-01', '2023-12-31'),
(18, 18, 6, '2023-01-01', '2023-12-31');